jdk.xml.internal.XMLLimitAnalyzer.addValue,0.3018
org.junit.jupiter.engine.config.DefaultJupiterConfiguration.<clinit>,0.4047
jdk.internal.math.FloatingDecimal$BinaryToASCIIBuffer.dtoa,30.5326
org.apache.maven.surefire.booter.spi.EventChannelEncoder.encode,0.3979
java.text.NumberFormat.getInstance,0.9939
sun.util.calendar.ZoneInfo.getTimeZone,3.3407
jdk.internal.math.FloatingDecimal.copyDigits,1.4340
net.bytebuddy.dynamic.scaffold.MethodGraph$Compiler$Default$Key$Store$Entry$Resolved.asNode,0.2856
jdk.internal.math.DoubleToDecimal.exponent,0.4701
java.util.regex.Pattern$GroupHead.match,2.2213
net.bytebuddy.jar.asm.MethodVisitor.<init>,0.3321
java.util.Collections.addAll,0.4047
com.sun.org.apache.xpath.internal.compiler.Lexer.tokenize,0.3444
org.apache.maven.surefire.report.ClassMethodIndexer.indexClassMethod,0.3485
java.util.concurrent.ConcurrentHashMap.putVal,2.4110
java.util.jar.JarFile.getManifestFromReference,0.7664
java.lang.invoke.MethodHandles$Lookup.checkMethodName,0.4047
org.apache.commons.rng.UniformRandomProvider.nextInt,0.3979
java.util.Formatter$FormatSpecifier.print,11.7482
jdk.internal.classfile.impl.TerminalCodeBuilder.setupTopLocal,0.6272
java.util.concurrent.ConcurrentHashMap.putIfAbsent,0.3179
org.apache.commons.text.io.StringSubstitutorReader.buffer,20.0809
java.text.DecimalFormatSymbols.getInstance,0.8148
org.junit.jupiter.engine.discovery.AbstractOrderingVisitor.orderChildrenTestDescriptors,0.4444
sun.util.cldr.CLDRTimeZoneNameProviderImpl.regionFormatFallback,3.6916
jdk.internal.misc.ScopedMemoryAccess.putIntUnalignedInternal,0.3485
org.apache.commons.text.similarity.DamerauLevenshteinDistance.unlimitedCompare,0.3979
jdk.internal.math.FloatingDecimal.parseDouble,0.3979
sun.text.resources.cldr.ext.FormatData_yue_Hans.getContents,0.3359
java.text.StringBufFactory$StringBuilderImpl.append,11.6078
java.lang.Class.getResourceAsStream,0.4444
com.oracle.truffle.js.parser.GraalJSEvaluator.getDefaultNodeFactory,0.3617
sun.util.locale.provider.NumberFormatProviderImpl.getCompactNumberInstance,0.4447
sun.reflect.annotation.AnnotationParser.toClass,0.4047
java.util.Arrays.fill,11.4506
jdk.internal.math.FDBigInteger.multDiffMe,9.7387
org.apache.maven.surefire.api.util.internal.ImmutableMap.<init>,0.6272
java.util.LinkedHashMap.valuesToArray,0.8094
sun.security.util.math.intpoly.IntegerPolynomial$MutableElement.setSum,0.3504
java.lang.invoke.MethodType.makeImpl,0.6272
sun.util.locale.BaseLocale.getInstance,0.3018
java.util.Spliterators$IteratorSpliterator.estimateSize,1.0601
java.math.MutableBigInteger.toIntArray,0.3504
com.oracle.truffle.api.object.TrieNode.key,0.3444
java.lang.ref.ReferenceQueue.poll,0.3018
java.lang.Class.getDeclaredPublicMethods,0.3073
java.util.regex.Pattern.closure,0.3950
java.lang.invoke.MethodHandle.asTypeUncached,0.4610
java.lang.System$1.createOrGetClassLoaderValueMap,0.3516
java.lang.reflect.Executable.getAnnotation,0.4047
sun.security.ssl.TrustStoreManager$TrustStoreDescriptor.createInstance,0.3504
org.apache.maven.surefire.api.stream.AbstractStreamEncoder.encodeHeader,0.6272
java.util.spi.LocaleServiceProvider.isSupportedLocale,0.3105
sun.util.locale.InternalLocaleBuilder.clear,0.7462
java.util.regex.Pattern.sequence,16.3334
java.util.regex.Pattern.newCharProperty,0.7252
sun.nio.ch.SocketDispatcher.read0,29.0151
com.oracle.truffle.js.builtins.SymbolPrototypeBuiltins$SymbolPrototype.<clinit>,0.3444
java.lang.Character.codePointAt,0.4047
java.lang.ThreadLocal$ThreadLocalMap.getEntryAfterMiss,13.0059
java.util.regex.Matcher.getSubSequence,0.9434
org.graalvm.options.OptionDescriptor$Builder.<init>,0.3617
sun.util.resources.OpenListResourceBundle.loadLookup,0.4028
java.lang.Throwable.fillInStackTrace,21.3946
org.apache.commons.text.StrSubstitutorTest.testResolveVariable,0.3485
java.text.StringBufFactory.of,0.3190
sun.util.resources.cldr.ext.TimeZoneNames_yo.getContents,0.4780
org.apache.commons.text.numbers.ParsedDecimal.roundUp,0.4701
org.junit.platform.launcher.core.CompositeEngineExecutionListener.lambda$notifyEach$13,0.6272
com.oracle.truffle.polyglot.PolyglotImpl$$Lambda/0x0000000033300000.<init>,0.3504
jdk.internal.misc.Unsafe.park,0.0387
java.util.regex.IntHashSet.<init>,0.4717
jdk.xml.internal.JdkXmlUtils.<clinit>,0.3444
sun.util.locale.InternalLocaleBuilder.setExtensions,0.4780
java.util.TimSort.binarySort,0.8491
org.apache.commons.text.translate.CharSequenceTranslator.translate,0.3485
java.lang.String.endsWith,0.3617
org.junit.jupiter.engine.discovery.predicates.IsTestableMethod.isNotPrivate,0.4047
org.apache.commons.text.ExtendedMessageFormatTest$UpperCaseFormat.lambda$static$0,0.4447
com.oracle.truffle.api.nodes.NodeClass.get,0.3444
java.text.CompactNumberFormat.applyPattern,11.3516
java.lang.ThreadLocal$ThreadLocalMap.nextIndex,0.6272
java.lang.ClassLoader.findLoadedClass0,1.6865
sun.net.www.protocol.http.AuthCacheImpl.getAuthCacheFor,0.3504
java.util.HashSet.spliterator,0.3621
net.bytebuddy.implementation.bind.MethodDelegationBinder$AmbiguityResolver$Compound.<init>,0.2856
java.util.Collections.emptyMap,0.4444
java.io.RandomAccessFile.seek0,0.3617
java.lang.invoke.LambdaForm$MH/0x0000000033524400.invoke,0.6272
com.oracle.truffle.polyglot.PolyglotList$Cache.<init>,0.3444
java.nio.ByteBuffer.put,0.3485
java.util.HashMap.putVal,13.8468
sun.util.resources.Bundles$CacheKey.setLocale,13.3214
jdk.internal.math.FDBigInteger.valueOfMulPow52,1.1412
org.apache.commons.text.translate.EntityArrays.<clinit>,0.3485
com.oracle.truffle.api.nodes.NodeClassImpl.createField,0.3617
org.apache.commons.text.numbers.ParsedDecimal.appendWholeGrouped,2.5227
jdk.internal.math.ToDecimal.put8DigitsLatin1,0.3018
jdk.internal.math.FDBigInteger.rightInplaceSub,0.7958
java.util.regex.Pattern$BmpCharPropertyGreedy.match,11.8554
java.util.Calendar.setWeekCountData,0.3348
org.mockito.internal.util.concurrent.WeakConcurrentMap.containsKey,0.9881
java.io.ObjectStreamClass.lookup,0.4047
java.lang.Long.compare,0.4444
org.junit.jupiter.engine.execution.InvocationInterceptorChain.invoke,0.3362
jdk.internal.math.FDBigInteger.<init>,0.4701
jdk.internal.classfile.impl.AbstractPoolEntry$AbstractRefEntry.<init>,0.4047
java.text.MessageFormat.copyAndQuoteBraces,0.9417
java.math.BigInteger.stripLeadingZeroBytes,0.3504
net.bytebuddy.dynamic.scaffold.InstrumentedType$Default.validated,0.2856
jdk.internal.misc.VM.getNanoTimeAdjustment,104.4499
java.util.stream.ReferencePipeline$3$1.accept,1.6060
org.apache.commons.text.StringEscapeUtilsTest.testUnescapeHexCharsHtml,2.4397
java.util.ArrayList$Itr.remove,0.3179
jdk.internal.math.FDBigInteger.quoRemIteration,0.4701
sun.reflect.annotation.AnnotationParser.toArray,0.4610
com.sun.org.apache.xerces.internal.impl.XMLEntityManager.startEntity,0.3018
java.lang.StringUTF16.lastIndexOf,0.3362
java.lang.StringLatin1.hashCode,0.4047
java.util.Collections$UnmodifiableCollection$1.<init>,0.3979
net.bytebuddy.description.type.TypeList$Generic$Explicit.size,0.6272
sun.text.resources.cldr.ext.FormatData_ar_SS.getContents,0.3580
java.util.WeakHashMap.<init>,0.3617
org.apache.commons.io.input.NullReader.read,0.9881
java.text.DateFormat.get,2.1996
org.apache.commons.text.matcher.AbstractStringMatcher$AndStringMatcher.size,40.3697
java.util.Collections$UnmodifiableList$1.previous,2.3230
sun.util.logging.internal.LoggingProviderImpl.demandLoggerFor,0.3444
java.text.DecimalFormatSymbols.initialize,0.4969
java.util.regex.Pattern$Slice.match,0.9164
org.apache.commons.text.numbers.DoubleFormatTest.trimFormatChars,1.4104
org.apache.commons.text.matcher.StringMatcherFactoryTest.<init>,0.3018
sun.util.resources.cldr.ext.TimeZoneNames_vi.getContents,0.3348
com.oracle.truffle.js.nodes.binary.InstanceofNode$OrdinaryHasInstanceNode.create,0.3444
java.nio.charset.Charset.forName,0.3321
net.bytebuddy.dynamic.loading.ByteArrayClassLoader$SynchronizationStrategy$CreationAction.<clinit>,0.6272
java.lang.Class.forName0,14.1865
java.util.regex.Matcher.reset,2.1076
java.text.DecimalFormat.subformatNumber,14.8157
jdk.internal.math.FloatingDecimal.readJavaFormatString,7.1923
com.sun.org.apache.xerces.internal.impl.XMLEntityScanner.peekChar,0.3504
java.lang.Long.numberOfLeadingZeros,0.8155
java.util.regex.Matcher.search,9.3227
org.junit.platform.engine.support.hierarchical.ThrowableCollector.<init>,0.6272
java.lang.reflect.ReflectAccess.copyMethod,0.7491
org.apache.commons.lang3.time.FastDatePrinter.parseToken,0.3485
com.sun.crypto.provider.GaloisCounterMode.checkInit,0.3504
sun.security.util.math.intpoly.IntegerPolynomial$MutableElement.conditionalSwapWith,0.3504
jdk.internal.math.FloatingDecimal$ASCIIToBinaryBuffer.doubleValue,3.4235
java.lang.String.replaceFirst,6.1228
java.util.ArrayList.grow,2.3691
jdk.internal.icu.text.StringPrep.<init>,0.3504
java.lang.StringCoding.countNonZeroAsciiLatin1,0.4047
com.oracle.truffle.js.runtime.builtins.JSFunctionData.<init>,0.3321
java.util.LinkedHashSet.<init>,0.7958
com.oracle.truffle.polyglot.PolyglotValueDispatch.createInteropValue,0.3617
java.util.ImmutableCollections$MapN.get,0.4780
java.util.Optional.filter,0.3485
jdk.internal.misc.ScopedMemoryAccess.getCharUnalignedInternal,0.3504
net.bytebuddy.matcher.ElementMatchers.isFinalizer,0.2856
org.apache.maven.surefire.api.util.DefaultRunOrderCalculator.orderTestClasses,0.4444
sun.util.calendar.Era.<init>,0.3674
java.lang.Class.reflectionData,1.2544
sun.util.resources.cldr.ext.CurrencyNames_bal_Latn.getContents,0.3203
java.text.DecimalFormat.expandAffix,2.5776
java.io.StringWriter.toString,4.7215
sun.util.locale.InternalLocaleBuilder.getBaseLocale,1.3995
java.time.Instant.ofEpochSecond,0.4780
org.apache.commons.text.io.StringSubstitutorReader.<init>,0.9220
org.junit.platform.commons.util.ReflectionUtils.isPackagePrivate,0.4047
java.util.Formatter$FormatSpecifier.printString,0.4780
sun.security.ssl.PreSharedKeyExtension$SHPreSharedKeyConsumer.consume,0.1493
java.util.Map.copyOf,0.4717
org.apache.commons.text.numbers.DoubleFormatTest.checkLocalizedFormat,2.1156
java.lang.StackStreamFactory$AbstractStackWalker.callStackWalk,0.6272
sun.util.cldr.CLDRLocaleProviderAdapter.applyParentLocales,9.3811
org.junit.jupiter.engine.descriptor.AbstractExtensionContext.getRoot,0.3018
sun.util.locale.provider.NumberFormatProviderImpl.getInstance,1.9356
org.apache.commons.lang3.ClassUtils.toCanonicalName,0.3362
java.util.ArrayList.forEach,0.4444
sun.instrument.InstrumentationImpl.redefineModule,0.6272
sun.security.ec.SunEC$ProviderService.newInstance,0.3504
java.lang.invoke.InvokerBytecodeGenerator.<init>,0.4047
sun.util.locale.provider.LocaleServiceProviderPool.getLookupLocale,0.7462
com.oracle.truffle.js.runtime.JSRealm.<clinit>,0.3617
java.lang.StringBuilder.append,13.1053
java.util.concurrent.ConcurrentHashMap.values,0.3485
java.text.ChoiceFormat.applyPatternImpl,0.4717
java.lang.Integer.toUnsignedString0,0.3485
com.oracle.js.parser.Lexer.lexify,0.3504
org.junit.jupiter.engine.extension.MutableExtensionRegistry$$Lambda/0x000000003310eb58.apply,0.4444
java.math.MutableBigInteger.getMagnitudeArray,0.3979
com.sun.org.apache.xerces.internal.impl.dtd.XMLDTDValidator.doctypeDecl,0.3504
java.lang.FdLibm$IEEEremainder.__ieee754_fmod,0.4717
java.lang.CharacterData.of,0.3362
java.util.stream.ReferencePipeline.collect,0.4047
org.apache.commons.text.StrBuilder.append,0.3485
java.util.zip.ZipUtils.CENNAM,0.4047
sun.text.resources.cldr.ext.FormatData_bs.getContents,0.3018
java.text.Format.format,0.8891
java.util.HashMap.getNode,6.0569
java.lang.String.toCharArray,2.5159
java.time.LocalDate.ofEpochDay,0.6484
sun.util.resources.cldr.ext.TimeZoneNames_sc.getContents,0.3105
org.apache.commons.lang3.ClassUtils.getClass,1.3449
java.util.TimSort.mergeHi,0.8491
sun.util.resources.Bundles.of,5.6187
org.junit.platform.commons.util.AnnotationUtils.findAnnotation,1.2470
java.lang.StringBuilder.toString,8.1766
java.util.ImmutableCollections$MapN$1.iterator,0.3652
jdk.internal.classfile.impl.AttributeHolder.withAttribute,0.6473
net.bytebuddy.description.field.FieldList$ForLoadedFields.get,0.6272
net.bytebuddy.asm.Advice$OffsetMapping$ForOrigin$Factory.make,0.6272
jdk.internal.math.FDBigInteger.leftShift,1.0769
sun.util.resources.cldr.ext.TimeZoneNames_br.getContents,0.2936
org.junit.jupiter.engine.discovery.predicates.TestClassPredicates$$Lambda/0x000000003307cdf8.<init>,0.4047
java.util.regex.Pattern$GroupTail.match,2.5724
net.bytebuddy.asm.Advice$Dispatcher$Inlining$Resolved$ForMethodExit.getArgumentHandlerFactory,0.6272
sun.nio.ch.Net.connect0,7.0416
sun.security.ssl.TransportContext.<init>,0.3504
sun.util.resources.LocaleData$LocaleDataStrategy.getCandidateLocales,34.0790
java.util.concurrent.ThreadLocalRandom.nextSecondarySeed,0.2856
com.oracle.truffle.regex.charset.UnicodePropertyData.<clinit>,0.3617
java.util.regex.Matcher$1MatchResultIterator.forEachRemaining,0.9939
org.junit.platform.launcher.core.EngineDiscoveryResultValidator.getCyclicGraphInfo,0.4444
java.lang.String.indexOf,0.4444
org.junit.platform.engine.UniqueId.append,0.4444
org.apache.commons.text.lookup.PropertiesStringLookupTest.testInterpolatorReplaceProperties,0.3321
java.util.Random.next,2.4841
java.lang.String.trim,1.2960
java.lang.Object.clone,6.4027
com.oracle.truffle.api.object.TriePropertyMap.verify,0.3444
org.graalvm.collections.Pair.getLeft,0.3444
java.net.Inet6AddressImpl.lookupAllHostAddr,20.1595
org.junit.platform.engine.support.discovery.EngineDiscoveryRequestResolver$$Lambda/0x0000000033074bb0.<init>,0.4047
sun.util.resources.Bundles$CacheKey.equals,34.9012
java.text.MessageFormat.format,6.0561
org.junit.platform.launcher.core.CompositeTestExecutionListener$$Lambda/0x0000000033121000.<init>,0.3485
java.lang.Class.privateGetDeclaredMethods,0.4028
java.lang.invoke.LambdaForm.lambdaName,0.3485
org.junit.platform.commons.util.CollectionUtils$$Lambda/0x0000000033092630.apply,0.4941
java.lang.CharacterData0E.isWhitespace,0.4610
java.util.stream.Sink$ChainedReference.end,3.4936
net.bytebuddy.description.type.TypeDescription$Generic$OfNonGenericType.getInterfaces,0.2856
java.util.zip.ZipFile.getEntry,0.3617
sun.util.resources.cldr.ext.TimeZoneNames_as.getContents,0.3348
java.lang.Object.hashCode,1.9714
java.time.ZoneRegion.checkName,5.9964
org.apache.commons.text.matcher.AbstractStringMatcher$CharArrayMatcher.isMatch,0.7194
net.bytebuddy.description.method.MethodDescription$AbstractBase.isTypeInitializer,0.6272
java.util.stream.Streams$ConcatSpliterator.estimateSize,0.7464
java.util.Arrays.binarySearch0,10.7850
java.util.Set.spliterator,0.3073
java.util.regex.Pattern.RemoveQEQuoting,0.6495
java.util.GregorianCalendar.computeTime,0.3950
java.util.stream.Collectors$CollectorImpl.<init>,0.4047
java.time.ZoneId.ofOffset,0.6329
java.lang.Character.getType,27.5970
org.mockito.internal.invocation.SerializableMethod.getJavaMethod,0.6272
com.oracle.truffle.js.parser.env.Environment.findInternalSlot,0.3444
sun.security.util.KnownOIDs.register,0.2856
jdk.internal.classfile.impl.Util.entryList,0.7765
sun.util.resources.cldr.ext.TimeZoneNames_ak.getContents,0.3203
net.bytebuddy.description.type.TypeDescription$Generic$Visitor$Substitutor.onParameterizedType,0.3321
java.util.regex.Pattern.expr,0.6733
org.junit.platform.engine.UniqueIdFormat.createSegment,0.3485
org.junit.jupiter.api.AssertThrowsExactly.assertThrowsExactly,0.4444
com.sun.org.apache.xerces.internal.util.ParserConfigurationSettings.checkFeature,0.3444
net.bytebuddy.description.type.TypeDescription$Generic$OfNonGenericType.represents,0.3321
net.bytebuddy.asm.Advice$StackMapFrameHandler$Default$WithPreservedArguments$WithArgumentCopy.injectStartFrame,0.6272
jdk.internal.reflect.Reflection.verifyMemberAccess,0.4028
java.io.File.createTempFile,0.2856
java.util.regex.Pattern$CharPropertyGreedy.match,8.0765
com.oracle.truffle.js.builtins.BigIntFunctionBuiltins.<init>,0.3444
java.util.AbstractList.iterator,0.2856
org.mockito.internal.creation.bytebuddy.MockMethodAdvice.isConstructorMock,3.2701
java.lang.ThreadLocal.get,0.9671
sun.util.locale.BaseLocale.equals,3.3957
java.io.FileOutputStream.close,0.0016
org.junit.jupiter.engine.execution.ConditionEvaluator.evaluate,0.6971
java.lang.StringBuffer.<init>,0.4610
java.text.DecimalFormat.subformat,9.4892
org.junit.jupiter.params.support.AnnotationConsumerInitializer.findAnnotations,0.3979
java.lang.PublicMethods.toArray,0.2856
com.oracle.truffle.polyglot.InternalResourceRoots$Root.hashCode,0.3617
java.util.Properties.loadConvert,0.3485
sun.security.util.math.IntegerModuloP$MultiplicativeInverser.of,0.3504
sun.util.resources.cldr.ext.TimeZoneNames_pl.getContents,0.2936
sun.util.resources.cldr.ext.CurrencyNames_am.getContents,0.2936
sun.util.locale.provider.NumberFormatProviderImpl.adjustForCurrencyDefaultFractionDigits,0.4717
java.util.stream.AbstractPipeline.evaluate,2.1209
com.oracle.truffle.api.LanguageAccessor$LanguageImpl.createEnv,0.3617
sun.security.ssl.ServerKeyExchange.<clinit>,0.3504
org.apache.commons.text.numbers.ParsedDecimal.toPlainString,0.7794
java.util.Collections$UnmodifiableCollection.size,3.3546
org.junit.jupiter.engine.descriptor.ClassExtensionContext.getElement,0.3018
java.util.Arrays.copyOfRange,1.0635
org.apache.commons.text.matcher.AbstractStringMatcher$CharMatcher.isMatch,0.3485
java.lang.Integer.numberOfTrailingZeros,0.3018
java.lang.Character.digit,0.3979
sun.util.cldr.CLDRTimeZoneNameProviderImpl.toGMTFormat,5.6245
com.oracle.truffle.api.object.DynamicObjectLibraryImpl$SpecificKey.putImpl,0.3321
java.util.concurrent.ConcurrentHashMap.put,0.6845
sun.util.cldr.CLDRTimeZoneNameProviderImpl.deriveFallbackNames,8.2466
java.util.concurrent.locks.AbstractQueuedSynchronizer.release,0.3444
java.util.Properties$LineReader.readLine,0.3504
java.lang.invoke.LambdaForm$Name.internArguments,0.6272
java.lang.System.identityHashCode,5.9003
org.junit.jupiter.engine.descriptor.ClassBasedTestDescriptor.resolveTestInstanceFactory,0.4444
java.lang.StackStreamFactory$FrameBuffer.get,0.6272
sun.util.cldr.CLDRBaseLocaleDataMetaInfo$CLDRMapHolder.<clinit>,0.4444
sun.util.resources.cldr.ext.TimeZoneNames_ro.getContents,0.2936
org.apache.commons.text.ExtendedMessageFormatTest.checkBuiltInFormat,2.6725
sun.util.resources.cldr.ext.TimeZoneNames_pcm.getContents,0.3073
sun.security.ssl.SupportedVersionsExtension.<clinit>,0.3504
java.util.RegularEnumSet.size,0.4444
sun.util.resources.cldr.ext.TimeZoneNames_tt.getContents,0.3225
java.util.HashMap.keysToArray,0.3121
com.oracle.truffle.api.object.ShapeImpl.newSingleEntry,0.3617
java.util.Comparator.comparingInt,0.3617
sun.security.util.DerValue.isContextSpecific,0.3504
org.apache.commons.text.io.StringSubstitutorReader.drain,0.9550
com.oracle.truffle.js.runtime.builtins.intl.JSPluralRules.createConstructor,0.3444
sun.util.resources.cldr.ext.TimeZoneNames_blo.getContents,0.3394
sun.util.calendar.ZoneInfo.getOffsetsByWall,0.4447
sun.text.resources.cldr.ext.FormatData_bn.getContents,0.4701
java.util.Base64$Decoder.<clinit>,0.3444
sun.security.ec.ECOperations$Secp256R1GeneratorMontgomeryMultiplier.<init>,0.3504
org.apache.commons.text.StringSubstitutor.substitute,38.2161
jdk.internal.reflect.Reflection.getCallerClass,1.0057
java.util.Formatter.parse,5.9568
org.junit.platform.commons.support.AnnotationSupport.findAnnotatedMethods,0.4047
java.util.Calendar$Builder.build,18.7917
java.util.zip.ZipFile$CleanableResource.releaseInflater,0.6272
sun.security.x509.AVAKeyword.isCompliant,0.3504
org.junit.jupiter.engine.discovery.AbstractOrderingVisitor$DescriptorWrapperOrderer.distinctWrappersToIndex,0.4047
java.util.regex.Pattern.atom,0.4444
com.oracle.truffle.api.strings.TruffleString$ReadCharUTF16Node.doRead,0.3321
jdk.internal.math.DoubleToDecimal.toDecimal,3.4377
java.util.TimSort.gallopLeft,0.4444
java.lang.invoke.DirectMethodHandle.rebind,0.3485
java.lang.Class.isInstance,1.1711
org.junit.platform.engine.UniqueId.parse,0.3485
com.oracle.truffle.polyglot.OptionValuesImpl.initializeValidAssertKeys,0.3504
java.io.FileInputStream.readBytes,0.5757
org.mockito.internal.util.reflection.ModuleMemberAccessor.delegate,0.6272
org.junit.jupiter.params.provider.ArgumentsUtils.toArguments,0.3979
sun.util.cldr.CLDRTimeZoneNameProviderImpl.deriveFallbackName,4.7617
com.oracle.truffle.api.strings.TStringInternalNodes$GetCodePointLengthNode.get,0.3444
java.lang.invoke.MethodHandleNatives.resolve,1.8345
java.text.SimpleDateFormat.format,0.3359
org.apache.commons.lang3.StringUtils.deleteWhitespace,5.7158
java.lang.StringUTF16.getChars,0.4444
java.util.regex.Matcher$ImmutableMatchResult.group,0.4717
net.bytebuddy.jar.asm.commons.Remapper.mapSignature,0.6272
sun.util.resources.cldr.ext.TimeZoneNames_wo.getContents,0.3179
java.nio.HeapByteBuffer.compact,0.3617
java.util.JapaneseImperialCalendar.getTimeZone,0.3950
jdk.internal.math.DoubleToDecimal.toChars2,0.9882
jdk.internal.math.DoubleToDecimal.toChars1,2.6481
jdk.internal.classfile.impl.StackMapGenerator$Frame.checkLocal,0.6272
net.bytebuddy.asm.Advice$MethodSizeHandler$Default$ForAdvice.recordMaxima,0.6272
jdk.internal.math.DoubleToDecimal.toChars3,0.4701
jdk.internal.classfile.impl.DirectCodeBuilder$4.generateStackMaps,0.4444
sun.util.locale.provider.LocaleResources.getDateTimePattern,4.0137
java.lang.AbstractStringBuilder.<init>,0.7286
jdk.xml.internal.XMLSecurityManager$Limit.<clinit>,0.3444
java.lang.reflect.Executable.getParameters0,0.3321
sun.reflect.annotation.AnnotationInvocationHandler.invoke,1.2935
java.util.Locale.isUnicodeExtensionKey,0.6864
org.junit.jupiter.engine.discovery.predicates.IsTestableMethod.isNotStatic,0.4047
java.lang.String.split,0.4717
sun.security.util.math.intpoly.IntegerPolynomial$MutableElement.setDifference,0.3504
java.lang.String.join,0.3979
java.util.HashMap.tableSizeFor,1.5585
java.math.BigInteger.<clinit>,0.4444
java.lang.String.charAt,2.4727
java.util.regex.Pattern$CharProperty.match,0.4717
java.util.stream.SpinedBuffer.copyInto,0.4780
java.util.stream.Sink$ChainedReference.begin,0.4717
org.apache.commons.text.TextStringBuilder.lastIndexOf,0.6272
java.lang.StringUTF16.replace,0.3362
sun.security.ssl.HandshakeContext.<init>,0.3504
java.io.RandomAccessFile.readBytes0,10.2900
java.util.concurrent.atomic.AtomicBoolean.compareAndSet,0.3485
java.util.regex.Pattern.<init>,8.1474
java.util.HashMap.remove,0.4444
java.lang.String.valueOf,0.3485
sun.util.locale.LocaleUtils.isNumericString,0.3225
net.bytebuddy.jar.asm.ClassReader.readMethod,0.9594
sun.util.locale.LanguageTag.parse,11.6830
com.sun.org.apache.xerces.internal.parsers.XML11Configuration.<init>,0.3444
java.util.AbstractMap$1.size,0.3580
sun.util.locale.provider.LocaleResources.getRules,0.4969
org.mockito.internal.creation.DelegatingMethod.getJavaMethod,0.6272
com.oracle.truffle.api.object.TrieNode$BitmapNode.index,0.3504
sun.nio.fs.UnixNativeDispatcher.stat0,0.3617
java.util.Map.computeIfAbsent,7.0076
sun.instrument.InstrumentationImpl.retransformClasses0,1.3098
java.lang.Class.isAssignableFrom,0.3394
java.lang.StackTraceElement.initStackTraceElements,0.3321
org.junit.jupiter.api.extension.ExtensionContext$Namespace.equals,0.4444
java.lang.StringLatin1.toChars,0.3092
java.lang.ref.Reference$ReferenceHandler.run,0.0001
java.util.stream.ReferencePipeline.anyMatch,0.3979
java.util.stream.Collectors.lambda$castingIdentity$0,0.4047
org.apache.commons.text.TextStringBuilder.<init>,0.4941
java.lang.Class.forName,0.3394
java.util.Stack.peek,0.3018
sun.util.calendar.ZoneInfo.getTransitionIndex,2.3306
com.oracle.truffle.js.runtime.JSContext.<init>,1.0851
org.junit.jupiter.engine.discovery.MethodSelectorResolver$MethodType.allPossibilities,0.4047
org.junit.platform.commons.util.ReflectionUtils.streamFields,0.3485
jdk.internal.constant.ConstantUtils.dropFirstAndLastChar,0.3018
java.lang.reflect.Method.equals,0.7958
java.lang.invoke.MethodHandleNatives.canBeCalledVirtual,0.3617
com.oracle.truffle.api.object.ShapeImpl.invalidatePropertyAssumption,0.3504
org.apache.commons.text.numbers.DoubleFormat$AbstractDoubleFormat.<init>,0.3018
org.junit.jupiter.engine.extension.DisabledCondition.evaluateExecutionCondition,0.3485
java.util.stream.Collectors.collectingAndThen,0.3504
org.apache.commons.text.numbers.ParsedDecimal.toScientificString,2.0623
sun.util.resources.OpenListResourceBundle.handleKeySet,0.4780
org.junit.jupiter.engine.descriptor.AbstractExtensionContext.getStore,0.3979
sun.util.locale.provider.DateFormatProviderImpl.getInstance,0.7071
java.util.TimeZone.getDefault,0.3359
jdk.proxy1.$Proxy0.<clinit>,0.4047
java.text.CompactNumberFormat.computeDivisor,0.4717
java.math.BigInteger.implMulAdd,0.3617
java.util.ListResourceBundle.loadLookup,0.4701
java.nio.charset.CharsetEncoder.encode,0.3485
sun.util.resources.cldr.ext.TimeZoneNames_es_US.getContents,0.3830
org.apache.commons.text.StringSubstitutor.replaceIn,0.8150
java.util.stream.Sink$ChainedReference.cancellationRequested,7.6751
jdk.internal.misc.Unsafe.putLongUnaligned,0.4444
jdk.internal.misc.Unsafe.shouldBeInitialized0,0.4028
java.util.LinkedHashMap.keySet,0.4047
java.lang.String.hashCode,0.6724
com.sun.org.apache.xml.internal.dtm.ref.DTMManagerDefault.getDTMHandleFromNode,0.6887
com.sun.org.apache.xerces.internal.impl.XMLScanner.endEntity,0.3018
org.apache.commons.text.numbers.DoubleFormat$AbstractDoubleFormat.applyFinite,4.8124
java.text.DateFormatSymbols.initializeData,1.1518
org.junit.jupiter.api.AssertionUtils.objectsAreEqual,1.2421
java.util.regex.Pattern$Start.match,0.4610
java.lang.invoke.DirectMethodHandle$Holder.invokeSpecial,0.3979
org.junit.jupiter.engine.descriptor.JupiterTestDescriptor$$Lambda/0x000000003308b400.apply,0.4444
com.oracle.truffle.api.strings.AbstractTruffleString.validateCodeRange,0.3617
sun.util.resources.cldr.ext.TimeZoneNames_ka.getContents,0.3359
sun.security.util.math.intpoly.IntegerPolynomial.conditionalAssign,0.3504
sun.util.locale.LocaleUtils.isAlphaString,0.9336
org.apache.maven.surefire.junitplatform.RunListenerAdapter$$Lambda/0x000000003311ede8.apply,0.7464
jdk.internal.classfile.impl.BufWriterImpl.<init>,1.8817
sun.text.resources.cldr.ext.FormatData_es_MX.getContents,0.3621
java.net.Socket.createImpl,0.3504
net.bytebuddy.ByteBuddy.<init>,0.2856
java.util.Collections$UnmodifiableList$1.<init>,0.4780
sun.util.locale.provider.LocaleServiceProviderPool.findProviders,0.3121
java.io.StringReader.close,0.4610
java.util.WeakHashMap$EntryIterator.<init>,0.3321
sun.util.resources.cldr.ext.TimeZoneNames_ast.getContents,0.3580
java.math.BigInteger.implMultiplyToLen,0.5472
net.bytebuddy.implementation.MethodCall$TargetHandler$ForMethodCall.resolve,0.6272
sun.util.cldr.CLDRLocaleProviderAdapter.lambda$applyAliases$0,0.3220
org.junit.jupiter.engine.execution.InvocationInterceptorChain.chainInterceptors,0.4444
sun.util.resources.cldr.ext.CurrencyNames_ks.getContents,0.3073
org.apache.commons.text.matcher.AbstractStringMatcher$AndStringMatcher.isMatch,8.3046
java.lang.AbstractStringBuilder.append,13.7051
org.apache.commons.text.io.StringSubstitutorFilterReaderTest.doTestNoReplaceInSteps,0.8207
java.util.stream.StreamSupport.stream,0.4047
sun.text.resources.cldr.ext.FormatData_zu.getContents,0.4701
java.math.BigInteger.add,0.3617
java.lang.StringLatin1.compareToCI,0.7899
java.util.Locale.hashCode,15.4731
java.text.DateFormatSymbols.toOneBasedArray,0.3203
jdk.internal.math.FloatingDecimal$BinaryToASCIIBuffer.toJavaFormatString,5.7603
net.bytebuddy.description.type.TypeDescription$Generic$OfNonGenericType.isArray,0.6272
java.lang.invoke.Invokers$Holder.linkToTargetMethod,0.7464
org.junit.platform.engine.support.hierarchical.NodeTestTask.lambda$executeRecursively$8,0.4444
org.junit.platform.engine.support.hierarchical.NodeTestTask.lambda$executeRecursively$6,0.3485
java.util.AbstractCollection.addAll,0.3504
java.lang.reflect.AccessibleObject.getAnnotations,0.4444
org.apache.commons.text.io.StringSubstitutorFilterReaderTest.doTestReplaceInCharArrayAtSteps,35.2114
java.util.ResourceBundle.containsKey,15.5760
sun.util.resources.cldr.ext.TimeZoneNames_km.getContents,0.3203
sun.util.locale.provider.LocaleProviderAdapter.lambda$toLocaleArray$0,0.7462
org.apache.commons.text.StrBuilderAppendInsertTest$$Lambda/0x0000000033210460.execute,0.3485
java.time.zone.ZoneRules.getTransitions,133.9607
java.lang.classfile.constantpool.InterfaceMethodRefEntry.typeSymbol,0.4047
com.oracle.truffle.api.strings.TruffleString$CompareCharsUTF16Node.compare,0.3444
java.util.Optional.map,0.7483
java.lang.invoke.LambdaFormEditor$Transform.<init>,0.3979
org.apache.maven.surefire.junitplatform.RunListenerAdapter$$Lambda/0x0000000033110490.<init>,0.4444
org.apache.commons.text.io.StringSubstitutorFilterReaderTest.doTestReplaceInCharArraySteps,4.9538
java.lang.String.substring,3.3216
java.lang.Object.notifyAll,0.0866
java.text.SimpleDateFormat.subFormat,0.4717
java.lang.Long.numberOfTrailingZeros,0.3018
org.apache.commons.text.io.StringSubstitutorReader.read,20.1524
org.apache.commons.text.numbers.ParsedDecimal.shouldIncludeMinus,1.4367
com.oracle.truffle.api.frame.FrameDescriptor.<init>,0.3444
java.lang.PublicMethods$Key.matches,0.7958
sun.text.resources.cldr.ext.FormatData_xnr.getContents,0.4028
java.util.Arrays.deepEquals,0.4780
com.oracle.truffle.api.nodes.NodeClassImpl$NodeFieldData.<clinit>,0.3617
java.util.regex.Matcher.appendReplacement,1.3451
org.apache.maven.surefire.junitplatform.RunListenerAdapter.executionFinished,0.3485
java.text.DecimalFormatSymbols.getCurrencySymbol,0.4447
org.junit.jupiter.engine.discovery.MethodOrderingVisitor.orderContainedMethods,0.4047
java.util.zip.Checksum.update,0.8061
java.lang.ref.Reference.processPendingReferences,0.0005
java.lang.StringBuffer.toString,0.4610
org.junit.platform.launcher.core.EngineDiscoveryResultValidator$$Lambda/0x00000000330a2d20.<init>,0.4444
net.bytebuddy.description.method.MethodDescription$ForLoadedMethod.getReturnType,0.6272
java.lang.Math.ceil,1.0546
sun.util.resources.cldr.ext.CurrencyNames_is.getContents,0.3190
sun.util.resources.cldr.ext.TimeZoneNames_mi.getContents,0.3580
sun.security.ssl.CipherSuite.<init>,0.3504
java.util.regex.Matcher.toMatchResult,0.4717
org.apache.maven.surefire.booter.spi.EventChannelEncoder.encodeSystemProperties,0.3321
org.apache.commons.text.numbers.DoubleFormat.builder,0.3018
java.text.DigitList.set,11.2861
java.util.regex.Pattern$$Lambda/0x800000030.is,1.0193
java.lang.ClassLoader.defineClass0,8.7103
sun.util.resources.cldr.ext.TimeZoneNames_ia.getContents,0.3280
java.lang.ClassLoader.defineClass1,29.5484
java.lang.ClassLoader.defineClass2,11.3431
sun.util.resources.Bundles.loadBundleOf,14.7163
java.util.function.Function.lambda$andThen$0,0.7948
java.text.SimpleDateFormat.initializeDefaultCentury,15.9405
java.util.ArrayList.<init>,1.0319
jdk.internal.loader.Resource.getBytes,0.7102
java.util.Collections$UnmodifiableList$1.hasPrevious,1.6129
java.lang.runtime.SwitchBootstraps.lambda$generateTypeSwitchSkeleton$0,0.3504
java.util.zip.ZipEntry.isCENHeaderValid,0.4047
java.util.RegularEnumSet.contains,0.4047
org.apache.commons.text.similarity.SimilarityCharacterInput.at,0.7958
com.oracle.truffle.js.nodes.access.IsObjectNodeGen.<clinit>,0.3444
java.util.stream.Sink$ChainedReference.<init>,0.6272
java.util.Locale.forLanguageTag,0.7326
java.text.MessageFormat.<init>,3.7176
sun.util.cldr.CLDRLocaleProviderAdapter.getCandidateLocales,0.4028
java.lang.invoke.InvokerBytecodeGenerator$2.accept,0.4444
sun.util.calendar.BaseCalendar.getCalendarDateFromFixedDate,0.7902
sun.util.locale.provider.LocaleResources.getNumberPatterns,0.4717
java.util.stream.ReferencePipeline.filter,0.3394
java.lang.invoke.MethodType.methodType,0.6272
org.apache.maven.surefire.junitplatform.RunListenerAdapter.toClassMethodName,0.4444
java.lang.Class.getDeclaredMethods0,3.7356
org.junit.platform.engine.support.discovery.EngineDiscoveryRequestResolution$DefaultContext.<init>,0.4444
sun.util.resources.cldr.ext.TimeZoneNames_no.getContents,7.0234
com.oracle.truffle.js.runtime.builtins.JSSet.createConstructor,0.3444
jdk.internal.misc.Unsafe.checkPointer,0.1493
com.oracle.truffle.js.parser.GraalJSParserHelper.parseSource,0.3444
org.apache.commons.text.StringEscapeUtils.<clinit>,0.3485
net.bytebuddy.description.type.TypeDescription$Generic$LazyProjection$OfConstructorParameter.resolve,0.3321
org.apache.commons.text.TextStringBuilder.drainChars,27.5858
java.lang.StringLatin1.toUpperCase,0.6626
org.junit.jupiter.engine.discovery.ClassOrderingVisitor.createClassLevelOrderer,0.4047
jdk.internal.loader.URLClassPath$JarLoader.createResource,0.4444
org.apache.commons.text.numbers.ParsedDecimal.parseExponent,1.6185
java.io.UnixFileSystem.normalize,0.2856
sun.util.resources.cldr.ext.TimeZoneNames_lv.getContents,0.2936
org.apache.commons.text.matcher.StringMatcher.isMatch,32.3590
java.io.Reader.read,1.0427
org.junit.platform.engine.support.store.NamespacedHierarchicalStore$CompositeKey.<init>,0.4444
java.text.DigitList.roundUp,0.6997
org.junit.jupiter.engine.descriptor.ResourceLockAware.determineExclusiveResources,0.4444
java.lang.Character.toLowerCase,0.4610
org.apache.commons.text.diff.StringsComparator.buildScript,0.4610
com.oracle.truffle.api.strings.AbstractTruffleString.hashCode,0.3617
org.apache.commons.text.numbers.ParsedDecimal.appendFraction,5.2584
java.text.StringBufFactory$StringBuilderImpl.<init>,0.3580
sun.security.provider.SHA5.lf_S,0.3504
sun.util.resources.cldr.ext.TimeZoneNames_gd.getContents,0.3179
jdk.internal.math.FDBigInteger.multAndCarryBy10,2.1274
java.nio.DirectByteBuffer.get,0.3125
java.util.Arrays.copyOf,0.6194
org.junit.platform.commons.util.AnnotationUtils.findMetaAnnotation,2.6202
org.junit.platform.launcher.core.CompositeEngineExecutionListener$$Lambda/0x0000000033203058.<init>,0.3979
jdk.internal.classfile.impl.DirectClassBuilder.build,0.6272
java.util.ServiceLoader$ModuleServicesLookupIterator.iteratorFor,0.3073
org.apache.commons.text.translate.LookupTranslator.translate,2.4397
java.lang.String.decodeUTF8_UTF16,0.3485
org.apache.commons.text.numbers.ParsedDecimal.append,0.6845
sun.util.cldr.CLDRTimeZoneNameProviderImpl$$Lambda/0x00000000330f0668.apply,0.4780
sun.util.resources.cldr.ext.TimeZoneNames_fa.getContents,0.3382
java.io.BufferedOutputStream.flush,0.3321
java.lang.invoke.MethodType.dropParameterTypes,0.4444
java.lang.StringConcatHelper$StringConcatBase.<init>,0.3444
com.oracle.truffle.polyglot.PolyglotMap$Cache$Apply.<init>,0.3444
javax.xml.catalog.CatalogImpl.<init>,0.3504
sun.util.resources.cldr.ext.TimeZoneNames_ga.getContents,0.3125
sun.text.resources.cldr.ext.FormatData_brx.getContents,0.3394
java.lang.invoke.MethodHandle.asType,0.3504
java.lang.Class.descriptorString,0.3485
java.util.Objects.equals,2.1638
java.util.ArrayList.hashCodeRange,0.4047
java.lang.StringBuffer.append,0.4447
java.lang.String$$StringConcat/0x0000000033370400.concat,0.3504
org.apache.commons.text.StrSubstitutorTest.testReplaceAdjacentAtEnd,0.3485
com.sun.org.apache.xerces.internal.impl.XMLDocumentFragmentScannerImpl$FragmentContentDriver.next,0.3504
net.bytebuddy.dynamic.scaffold.MethodGraph$Compiler$Default$Key$Harmonized.extend,0.6272
java.util.Locale.toString,0.4969
jdk.internal.module.SystemModuleFinders$SystemModuleReader.findImageLocation,0.4780
java.util.regex.Pattern.compile,16.5022
sun.util.locale.provider.TimeZoneNameProviderImpl.getDisplayNameArray,16.9031
jdk.internal.math.FDBigInteger.leftInplaceSub,0.3454
jdk.internal.classfile.impl.EntryMap.<init>,0.8026
java.util.HashMap.put,0.3362
org.junit.jupiter.engine.execution.JupiterEngineExecutionContext$Builder.<init>,0.3485
jdk.proxy1.$Proxy38.annotationType,0.3321
sun.util.resources.cldr.ext.TimeZoneNames_gl.getContents,0.3516
sun.security.util.DerValue.data,0.3504
net.bytebuddy.utility.AsmClassReader$Factory$Default.<clinit>,0.2856
java.lang.StringUTF16.indexOfLatin1Unsafe,0.4780
java.util.AbstractList$Itr.hasNext,0.6272
jdk.internal.math.ToDecimal.removeTrailingZeroes,3.4891
java.lang.FdLibm$IEEEremainder.compute,1.3611
org.apache.commons.text.numbers.ParsedDecimal.maxPrecision,0.3018
java.util.stream.ReferencePipeline$2$1.begin,2.5953
org.apache.commons.text.numbers.ParsedDecimal.appendWhole,1.9617
sun.util.locale.provider.CalendarDataUtility.retrieveFirstDayOfWeek,0.3179
java.util.HashMap.hash,3.3125
java.util.Formatter.format,6.2280
org.junit.jupiter.engine.discovery.MethodSelectorResolver$$Lambda/0x0000000033099068.get,0.4047
org.apache.commons.text.lookup.Base64EncoderStringLookupTest.testNull,0.3321
java.lang.invoke.BoundMethodHandle$Species_LL.copyWith,0.3485
java.lang.invoke.MethodHandles$Lookup.checkAccess,0.4610
org.apache.commons.text.io.StringSubstitutorReader.drainOnEos,0.3540
java.lang.invoke.LambdaForm.arguments,0.3018
org.apache.commons.text.TextStringBuilder.charAt,21.8637
jdk.internal.math.FloatingDecimal.getBinaryToASCIIConverter,10.1493
java.util.jar.Attributes$Name.hash,0.6272
sun.util.locale.LocaleUtils.toLowerString,3.2116
jdk.internal.reflect.ConstantPool.getUTF8At0,0.4610
com.sun.org.apache.xerces.internal.dom.CoreDocumentImpl.<clinit>,0.3444
com.oracle.truffle.polyglot.InstrumentCache.doLoad,0.3617
java.lang.invoke.LambdaFormEditor$Transform.equals,0.2856
java.text.CompactNumberFormat.lambda$processCompactPatterns$0,2.8772
java.net.URLStreamHandler.parseURL,0.3617
com.oracle.truffle.polyglot.PolyglotImpl.<init>,0.3617
java.util.stream.SpinedBuffer.asArray,0.6272
org.apache.commons.text.RandomStringGeneratorTest.testNoLoneSurrogates,0.3362
org.junit.platform.engine.support.store.Namespace.hashCode,0.3485
java.util.stream.AbstractPipeline.copyInto,0.8891
java.io.UnixFileSystem.getBooleanAttributes0,2.1050
java.lang.AbstractStringBuilder.ensureCapacityNewCoder,3.7948
org.junit.jupiter.engine.descriptor.AbstractExtensionContext$$Lambda/0x0000000033104d20.<init>,0.6272
java.lang.ProcessImpl.initStreams,0.2856
sun.net.util.IPAddressUtil.checkAuth,0.4047
java.util.stream.ReferencePipeline.forEachWithCancel,0.3382
java.lang.StringLatin1.toLowerCase,0.7393
sun.util.resources.cldr.ext.TimeZoneNames_he.getContents,0.3225
java.util.LinkedHashMap.newLinkedHashMap,0.2936
java.text.CompactNumberFormat.setMinimumFractionDigits,0.4969
java.lang.invoke.TypeConvertingMethodAdapter.cast,0.4047
sun.util.resources.cldr.ext.TimeZoneNames_hi.getContents,0.3225
org.junit.platform.engine.TestDescriptor$Type.isContainer,0.4047
sun.security.provider.certpath.AlgorithmChecker.check,0.3504
java.text.CompactNumberFormat.<init>,0.4969
java.text.SimpleDateFormat.compile,1.5591
java.text.MessageFormat$FormatStyle.fromString,0.3362
java.util.concurrent.ConcurrentHashMap.computeIfAbsent,7.0040
java.util.TimSort.countRunAndMakeAscending,0.3444
org.apache.commons.text.numbers.DoubleFormatTest.randomDouble,0.4701
sun.util.resources.cldr.ext.CurrencyNames_kk.getContents,0.3125
org.apache.commons.text.numbers.ParsedDecimalTest.testStringMethodAccuracy_sequence,0.3979
org.apache.maven.surefire.junitplatform.RunListenerAdapter.lambda$toClassMethodName$4,1.0719
org.apache.commons.text.numbers.ParsedDecimal.getPlainStringSize,0.9402
java.util.concurrent.ThreadLocalRandom$Access.<clinit>,0.3485
java.lang.invoke.MethodHandles$Lookup.isClassAccessible,0.6272
org.apache.commons.text.numbers.DoubleFormatTest.assertLocalizedFormatsAreEqual,8.3996
java.util.ServiceLoader$1.next,0.3580
java.lang.AbstractStringBuilder.appendChars,0.3224
java.util.stream.StreamOpFlag.fromCharacteristics,0.8266
sun.nio.cs.UTF_8$Encoder.encodeBufferLoop,0.6643
org.apache.commons.text.translate.NumericEntityUnescaper.translate,0.3485
java.text.DecimalFormatSymbols.initializeCurrency,2.8974
java.util.ArrayList.subList,0.4610
java.lang.ClassLoader.checkName,0.7102
com.oracle.truffle.polyglot.PolyglotValueDispatch$InteropValue.<init>,0.3617
sun.security.util.CurveDB.<clinit>,0.3504
java.lang.String.<init>,10.0787
com.oracle.truffle.polyglot.PolyglotMapFactory$CacheFactory$PutNodeGen.<clinit>,0.3444
jdk.internal.classfile.impl.DirectCodeBuilder.setLabelTarget,0.6272
java.util.stream.AbstractPipeline.copyIntoWithCancel,0.4717
sun.util.locale.LanguageTag.parseRegion,0.3018
java.util.Collection.stream,0.4717
com.oracle.truffle.js.runtime.objects.JSShape.createPrototypeShape,0.3617
java.lang.CharacterData00.getType,0.4969
java.text.DecimalFormat.getPositivePrefixFieldPositions,0.3280
org.graalvm.collections.EconomicMapImpl.putHashEntry,0.3617
org.apache.commons.text.TextStringBuilder.getChars,0.9220
sun.util.resources.cldr.ext.TimeZoneNames_so.getContents,0.3280
org.junit.jupiter.engine.descriptor.MethodBasedTestDescriptor.getExclusiveResourceCollector,0.4444
java.util.concurrent.ConcurrentHashMap.replaceNode,0.7719
com.oracle.js.parser.TokenType.<clinit>,0.3444
java.lang.invoke.MethodType.equals,0.4610
java.text.NumberFormat.format,1.1491
java.text.DigitList.round,0.6185
java.lang.StringBuilder.<init>,3.8872
org.apache.commons.text.numbers.ParsedDecimal.from,8.1483
java.util.regex.Pattern$Branch.match,11.5541
org.apache.commons.text.io.StringSubstitutorReader.isBufferMatchAt,3.7501
jdk.internal.classfile.impl.SplitConstantPool.tryFindClassOrInterface,0.3504
java.lang.invoke.VarHandles.makeFieldHandle,0.3504
sun.util.locale.provider.LocaleServiceProviderPool.getLocalizedObjectImpl,0.3112
com.oracle.truffle.api.strings.TStringOps.validRegionIndexWithBaseOffset,0.6887
net.bytebuddy.description.type.TypeDescription$Generic$OfParameterizedType.getSort,0.6272
java.util.HashMap.containsKey,0.4780
java.text.DecimalFormat.applyPattern,5.2765
net.bytebuddy.description.type.TypeDescription$Generic$OfNonGenericType.isPrimitive,0.6272
java.util.ArrayList.clear,0.6272
org.junit.jupiter.engine.descriptor.TestTemplateExtensionContext.getTestInstanceLifecycle,0.3979
jdk.internal.math.FDBigInteger.multByPow52,0.3454
sun.util.resources.cldr.ext.TimeZoneNames_tg.getContents,0.3179
net.bytebuddy.implementation.MethodCall.appender,0.6272
java.lang.Class.annotationData,0.3617
java.lang.Object.getClass,1.4311
java.text.MessageFormat.patternFromFormat,1.2119
sun.util.resources.cldr.ext.TimeZoneNames_cv.getContents,0.3394
java.util.HashMap.putMapEntries,0.3444
java.lang.invoke.InvokerBytecodeGenerator$4.accept,0.6272
org.apache.maven.surefire.api.util.internal.Channels$4.writeImpl,0.3979
java.lang.Thread.getContextClassLoader,0.4047
java.lang.reflect.Array.newArray,0.4717
sun.reflect.annotation.AnnotationInvocationHandler.hashCodeImpl,0.6272
sun.security.util.math.intpoly.IntegerPolynomial$MutableElement.setValue,0.3504
java.lang.invoke.MethodHandleImpl.computeValueConversions,0.1493
javax.crypto.Cipher.getInstance,0.3504
sun.util.resources.Bundles.toOtherBundleName,0.3125
java.util.stream.StreamSpliterators$AbstractWrappingSpliterator.characteristics,0.4047
java.text.DecimalFormat.checkAndSetFastPathStatus,0.4701
jdk.internal.classfile.impl.DirectCodeBuilder.aload,0.4047
java.lang.String.getChars,0.3485
com.oracle.truffle.js.parser.env.Environment.<init>,0.3321
java.lang.invoke.DirectMethodHandle$Holder.invokeStatic,1.8003
java.time.LocalDateTime.ofEpochSecond,1.4596
com.sun.crypto.provider.DESCipher.<init>,0.3504
jdk.internal.math.FloatingDecimal.checkMultiplePoints,0.6907
com.oracle.truffle.js.parser.GraalJSEvaluator.parseScript,0.3444
java.util.Collections$SetFromMap.add,0.8026
sun.util.resources.cldr.ext.TimeZoneNames_dz.getContents,0.3179
java.lang.ref.Reference.waitForReferencePendingList,2.3019
org.junit.jupiter.engine.execution.ConditionEvaluator$$Lambda/0x0000000033109b98.test,0.3485
jdk.xml.internal.XMLSecurityPropertyManager.getValue,0.3018
java.util.concurrent.ConcurrentHashMap$Traverser.advance,0.6807
jdk.internal.classfile.impl.SplitConstantPool.internalAdd,0.6272
sun.text.resources.cldr.ext.FormatData_te.getContents,0.3359
org.junit.jupiter.engine.descriptor.MethodExtensionContext$$Lambda/0x0000000033125e58.apply,0.7797
java.util.AbstractCollection.toArray,0.4969
sun.util.locale.provider.LocaleResources.getCNPatterns,0.4717
sun.reflect.annotation.AnnotationParser.parseAnnotation2,0.4047
sun.util.resources.cldr.ext.CurrencyNames_fo.getContents,0.2936
org.junit.jupiter.engine.descriptor.MethodExtensionContext.getExecutionException,0.6272
sun.text.resources.cldr.ext.FormatData_ceb.getContents,0.4028
net.bytebuddy.jar.asm.ClassVisitor.<init>,0.2856
java.util.regex.Matcher.appendExpandedReplacement,8.2985
sun.util.resources.cldr.ext.CurrencyNames_bs.getContents,0.2936
org.apache.commons.text.ExtendedMessageFormat.parseFormatDescription,0.9164
com.sun.org.apache.xpath.internal.compiler.XPathParser.error,0.3018
jdk.internal.classfile.impl.DirectCodeBuilder.invoke,0.4047
jdk.internal.classfile.impl.AbstractPoolEntry$NameAndTypeEntryImpl.<init>,0.3321
com.sun.org.apache.xpath.internal.XPath.initFunctionTable,0.3444
sun.util.resources.cldr.ext.TimeZoneNames_uk.getContents,0.4780
java.lang.StackStreamFactory$StackFrameBuffer.nextStackFrame,0.6272
java.lang.invoke.LambdaForm.methodType,0.3617
java.util.stream.ReferencePipeline$2.opWrapSink,0.6272
java.util.stream.ReferencePipeline$2$1.accept,2.3011
sun.util.locale.provider.LocaleServiceProviderPool.getLookupLocales,0.3121
sun.util.resources.Bundles.findBundleOf,6.5681
java.util.Formatter.getDecimalFormatSymbols,6.9805
java.util.concurrent.ConcurrentHashMap.transfer,1.1168
sun.security.provider.certpath.PKIXCertPathValidator.engineValidate,0.3504
java.util.regex.Pattern$BmpCharProperty.match,1.2024
java.util.GregorianCalendar.computeFields,0.7830
java.lang.ClassLoader.findLoadedClass,0.9594
java.util.stream.SortedOps$RefSortingSink.end,0.3485
org.junit.jupiter.api.AssertArrayEquals.assertArrayEquals,35.6155
java.util.regex.Pattern$CharPropertyGreedy.study,0.4444
org.junit.platform.launcher.core.CompositeTestExecutionListener.lambda$executionFinished$10,0.3485
org.apache.commons.text.RandomStringGenerator.generate,0.3362
jdk.internal.misc.Unsafe.allocateUninitializedArray,0.4047
java.lang.Character.isWhitespace,1.5944
com.sun.org.apache.xerces.internal.dom.DeferredDocumentImpl.setAsLastChild,0.3018
jdk.internal.misc.Unsafe.ensureClassInitialized0,0.9977
java.lang.ref.SoftReference.get,0.4047
java.lang.AbstractStringBuilder.ensureCapacitySameCoder,0.6633
java.text.MessageFormat.formatFromPattern,0.7838
sun.util.resources.cldr.ext.TimeZoneNames_kxv_Deva.getContents,0.3203
java.lang.ClassLoader.findBootstrapClass,1.7838
java.util.stream.AbstractPipeline.wrapSink,10.2322
sun.util.locale.StringTokenIterator.nextDelimiter,0.3652
java.util.concurrent.ConcurrentHashMap.get,63.2389
java.util.concurrent.ConcurrentHashMap.isEmpty,0.3979
java.lang.Class.getDeclaredConstructors0,9.6742
jdk.internal.math.FloatingDecimal$ASCIIToBinaryBuffer.<init>,0.3979
java.text.DecimalFormat.format,2.0858
org.junit.jupiter.engine.discovery.ClassSelectorResolver.resolveStandaloneTestClass,0.4047
jdk.internal.util.StrongReferenceKey.hashCode,4.1161
org.junit.platform.launcher.core.ListenerRegistry.forEngineExecutionListeners,0.4444
jdk.internal.math.FDBigInteger.multBy10,0.3018
sun.util.locale.provider.LocaleResources.getZoneStrings,0.3830
java.util.TimSort.sort,0.4047
java.util.ImmutableCollections$SetN$SetNIterator.next,1.9386
org.junit.platform.commons.util.AnnotationUtils.findRepeatableAnnotations,1.6846
sun.util.locale.BaseLocale.hashCode,1.3638
java.text.SimpleDateFormat.zeroPaddingNumber,0.3321
sun.text.resources.cldr.ext.FormatData_bs_Cyrl.getContents,0.3382
jdk.internal.misc.Unsafe.allocateInstance,19.2260
org.apache.commons.text.numbers.DoubleFormat$Builder.<init>,0.3391
net.bytebuddy.utility.visitor.StackAwareMethodVisitor.drainStack,0.6272
java.io.FileOutputStream.writeBytes,1.3823
sun.util.locale.LanguageTag.parseLocale,0.3830
sun.util.locale.provider.CalendarProviderImpl.getInstance,0.4717
com.oracle.truffle.api.strings.TruffleStringFactory$ToJavaStringNodeGen.<clinit>,0.3617
java.net.URL.isBuiltinStreamHandler,0.4047
java.lang.String.length,0.4610
sun.util.locale.provider.JRELocaleProviderAdapter.getLocaleServiceProvider,0.3569
java.text.ChoiceFormat.toPattern,0.4969
java.text.MessageFormat.subformat,0.6353
java.lang.invoke.LambdaFormEditor$TransformKey.of,0.3485
java.lang.Enum.valueOf,0.3220
org.junit.platform.launcher.core.CompositeTestExecutionListener.lambda$executionStarted$6,0.3485
java.util.ImmutableCollections$MapN.probe,1.9947
jdk.internal.icu.lang.UCharacter.getCombiningClass,0.6272
org.junit.platform.launcher.core.LauncherConfigurationParameters.<init>,0.4047
com.oracle.truffle.js.builtins.JSBuiltinsContainer.<init>,0.3617
java.util.HashMap.resize,2.6620
sun.security.ec.XDHKeyFactory.generatePublicImpl,0.3504
java.text.MessageFormat.setFormatFromPattern,0.3950
sun.util.resources.cldr.ext.TimeZoneNames_pt_PT.getContents,0.3073
org.apache.maven.surefire.junitplatform.RunListenerAdapter.toStackTraceWriter,0.6272
org.apache.commons.text.StrSubstitutor.replace,0.3485
com.oracle.truffle.js.runtime.JSRealm.initializeTypedArrayConstructors,0.3444
org.apache.commons.text.lookup.AbstractStringLookup.<init>,0.3362
java.util.Collections$SingletonMap.entrySet,0.3504
sun.security.provider.X509Factory.readOneBlock,0.3504
java.lang.Class.getAnnotation,0.9054
sun.util.resources.cldr.ext.TimeZoneNames_or.getContents,0.3125
java.lang.Double.doubleToRawLongBits,0.3979
java.text.MessageFormat.applyPatternImpl,20.8457
java.util.ResourceBundle.getObject,8.7310
sun.util.cldr.CLDRLocaleProviderAdapter.getParentLocale,4.2488
net.bytebuddy.utility.visitor.StackAwareMethodVisitor.visitMethodInsn,0.6272
jdk.internal.classfile.impl.AbstractPoolEntry.maybeClone,1.1456
java.util.GregorianCalendar.add,0.3220
java.text.DigitList.parseInt,4.5565
java.util.Currency$CurrencyNameGetter.getObject,0.4028
java.util.Locale.getBaseLocale,0.4444
sun.reflect.generics.parser.SignatureParser.parseTypeArgument,0.3485
java.util.LinkedList.listIterator,0.3444
java.lang.ProcessHandleImpl.waitForProcessExit0,0.0411
java.lang.Class.initClassName,1.7009
java.util.regex.Pattern.clazz,0.9164
sun.net.www.ParseUtil.encodePath,0.6218
java.text.CompactNumberFormat.processCompactPatterns,0.9417
sun.util.resources.LocaleData.getDateFormatData,0.4444
java.util.Objects.hashCode,0.8423
java.util.Spliterator.getExactSizeIfKnown,3.2294
sun.util.cldr.CLDRTimeZoneNameProviderImpl.getDisplayNameArray,0.6438
java.util.Formatter.getZero,0.4444
org.apache.commons.text.TextStringBuilder.append,0.4610
org.junit.jupiter.engine.execution.ExtensionContextSupplier$ScopeBasedExtensionContextSupplier.isTestScoped,0.6971
org.junit.jupiter.engine.descriptor.DefaultTestInstanceFactoryContext.<init>,0.6272
java.lang.Class.getMethodsRecursive,0.2856
org.junit.jupiter.engine.discovery.DiscoverySelectorResolver.lambda$static$4,0.4444
java.lang.String.intern,59.5465
com.oracle.truffle.polyglot.PolyglotValueDispatch$InteropValue$AsTypeLiteralNode.getArgumentTypes,0.3444
jdk.internal.classfile.impl.Util.methodTypeSymbol,0.6272
java.lang.reflect.Array.getLength,0.4610
net.bytebuddy.dynamic.scaffold.InstrumentedType$Factory$Default$1.represent,0.2856
java.text.MessageFormat.formatFromSubformatPattern,0.4717
org.apache.commons.text.lookup.AbstractPathFencedLookup.<init>,0.3321
org.junit.platform.commons.util.ReflectionUtils.<clinit>,0.4047
java.lang.Long.toString,0.9224
java.lang.String.startsWith,2.8289
org.apache.commons.text.numbers.ParsedDecimal.appendLocalizedDigit,1.1055
org.graalvm.polyglot.Context.newBuilder,0.3617
javax.xml.catalog.GroupEntry.matchSystem,0.3018
java.util.HashMap.newHashMap,0.4444
java.net.URLConnection.<init>,0.3485
java.lang.reflect.Executable.getDeclaredAnnotations,0.4610
java.util.TimeZone.toZoneId,8.2153
sun.text.resources.cldr.ext.FormatData_mg.getContents,0.3280
org.junit.jupiter.engine.descriptor.CallbackSupport.invokeBeforeCallbacks,0.3018
java.util.zip.Inflater.inflateBytesBytes,2.3495
org.junit.platform.launcher.core.LauncherConfigurationParameters$Builder.<init>,0.4047
com.sun.org.apache.xerces.internal.impl.XMLEntityScanner.checkEntityLimit,0.3504
net.bytebuddy.jar.asm.SymbolTable.hash,0.6272
jdk.internal.misc.Unsafe.allocateMemory0,0.3485
sun.util.cldr.CLDRLocaleProviderAdapter.applyAliases,2.3909
sun.util.resources.cldr.ext.TimeZoneNames_de.getContents,0.3516
java.util.ImmutableCollections$SetN.probe,6.5697
java.lang.StringLatin1.replace,0.6272
java.util.Formatter$Flags.parse,14.1899
sun.util.calendar.ZoneInfoFile.getZoneInfo,1.3332
java.util.Spliterators$IteratorSpliterator.forEachRemaining,0.3485
sun.security.ssl.SSLContextImpl.getCustomizedCipherSuites,0.3504
jdk.internal.classfile.impl.StackCounter.<init>,0.2856
sun.util.resources.cldr.ext.TimeZoneNames_ps.getContents,0.3224
java.util.regex.Matcher.find,2.3996
java.time.ZoneRegion.ofId,0.4444
org.apache.maven.surefire.booter.spi.EventChannelEncoder$StackTrace.<init>,0.6272
java.lang.Class.getDeclaredFields0,0.3617
java.util.regex.Pattern.namedGroups,0.4717
java.util.Arrays$ArrayList.indexOf,1.0387
